student_id,name,city,gender,year,date,quantity,amount,profit
1,Cornie,Kolkata,M,FE,4/26/2023,7,667,210
2,Ardys,Hyderabad,F,FE,3/28/2023,3,871,253
3,Nerita,Ahmedabad,F,BE,11/20/2023,7,806,192
4,Cal,Mumbai,M,BE,12/13/2023,2,869,318
5,Dur,Hyderabad,M,SE,2/7/2023,7,752,194
6,Hermione,Mumbai,F,SE,2/11/2023,6,704,126
7,Kassia,Chennai,F,SE,3/1/2023,2,828,257
8,Dav,Chennai,M,BE,6/12/2023,4,713,280
9,Maurise,Kolkata,F,SE,9/9/2023,8,919,140
10,Stacey,Hyderabad,F,BE,9/11/2023,5,631,279
11,Lucina,Hyderabad,F,TE,10/10/2023,6,799,100
12,Mariya,Hyderabad,F,BE,6/29/2023,4,814,311
13,Cindi,Ahmedabad,F,FE,2/8/2023,3,912,168
14,Araldo,Bangalore,M,SE,8/29/2023,4,767,179
15,Zacharie,Kolkata,M,FE,5/16/2023,8,995,319
16,Pearline,Ahmedabad,F,FE,1/13/2023,3,789,111
17,Renaud,Hyderabad,M,TE,6/12/2023,1,968,150
18,Issi,Kolkata,F,TE,9/28/2023,1,629,310
19,Kara,Mumbai,F,TE,2/15/2023,3,694,195
20,Nicolina,Ahmedabad,F,SE,4/26/2023,8,860,282
21,Ram,Bangalore,M,BE,2/12/2023,8,939,268
22,Georas,Mumbai,M,SE,2/21/2023,6,890,149
23,Kirstyn,Ahmedabad,F,BE,2/23/2023,7,805,323
24,Clementius,Hyderabad,M,FE,3/13/2023,2,772,144
25,Elsbeth,Kolkata,F,FE,4/12/2023,3,715,148
26,Leila,Delhi,F,SE,5/1/2023,7,715,244
27,Valerye,Kolkata,F,SE,5/21/2023,8,646,312
28,Ronna,Kolkata,F,TE,3/9/2023,8,739,259
29,Rustin,Mumbai,M,FE,5/31/2023,5,967,205
30,Martica,Chennai,F,FE,11/1/2023,8,973,226
31,Saundra,Ahmedabad,M,SE,11/24/2023,5,624,155
32,Dyane,Bangalore,F,FE,2/16/2023,2,782,211
33,Brena,Chennai,F,BE,8/20/2023,7,897,330
34,Amandi,Ahmedabad,F,SE,5/5/2023,4,960,197
35,Quent,Kolkata,M,FE,9/8/2023,5,782,135
36,Jermain,Kolkata,M,SE,8/27/2023,3,608,271
37,Derril,Delhi,M,TE,9/1/2023,5,646,270
38,Rodolfo,Bangalore,M,FE,6/20/2023,4,813,225
39,Casar,Ahmedabad,M,TE,7/24/2023,4,809,108
40,Ursuline,Chennai,F,FE,6/4/2023,5,670,253
41,Gilly,Chennai,F,TE,2/14/2023,8,658,124
42,Georgeta,Bangalore,F,TE,2/20/2023,4,828,131
43,Kerk,Delhi,M,FE,7/22/2023,6,920,173
44,Denny,Hyderabad,F,FE,1/8/2023,7,956,221
45,Welbie,Mumbai,M,FE,4/19/2023,4,994,257
46,Norman,Chennai,M,FE,5/23/2023,7,769,123
47,Brinna,Bangalore,F,FE,5/30/2023,3,994,181
48,Cristiano,Ahmedabad,M,TE,5/4/2023,8,644,249
49,Loraine,Chennai,F,BE,11/8/2023,8,905,211
50,Arny,Hyderabad,M,FE,7/6/2023,8,985,264
51,Slade,Hyderabad,M,TE,2/4/2023,5,945,153
52,Panchito,Delhi,M,FE,7/14/2023,2,813,126
53,Lewiss,Delhi,M,SE,8/6/2023,5,826,121
54,Brier,Hyderabad,F,SE,1/19/2023,8,889,189
55,Tressa,Hyderabad,F,FE,5/4/2023,5,728,181
56,Colan,Hyderabad,M,TE,6/5/2023,4,644,133
57,Wendye,Chennai,F,BE,12/15/2023,2,905,158
58,Brook,Kolkata,M,BE,7/27/2023,7,949,240
59,Drugi,Ahmedabad,M,SE,9/14/2023,7,962,263
60,Caterina,Kolkata,F,TE,3/11/2023,7,825,317
61,Corbie,Chennai,M,TE,10/5/2023,1,911,188
62,Ogdon,Bangalore,M,SE,5/10/2023,1,881,242
63,Martica,Kolkata,F,FE,12/4/2023,8,631,296
64,Chris,Ahmedabad,M,TE,2/18/2023,8,670,157
65,Allan,Mumbai,M,FE,4/19/2023,8,787,240
66,Jarrid,Bangalore,M,TE,3/7/2023,4,746,223
67,Robers,Hyderabad,M,FE,1/16/2023,2,690,327
68,Madalena,Delhi,F,SE,5/6/2023,6,662,287
69,Greta,Kolkata,F,TE,5/29/2023,6,882,259
70,Nye,Ahmedabad,M,FE,2/21/2023,1,945,326
71,Genevieve,Mumbai,F,FE,4/18/2023,5,817,203
72,Braden,Hyderabad,M,BE,2/24/2023,7,695,265
73,Kristi,Kolkata,F,BE,4/18/2023,7,914,328
74,Moritz,Hyderabad,M,FE,6/3/2023,1,807,211
75,Neile,Delhi,F,SE,9/17/2023,6,693,329
76,Kingsley,Kolkata,M,FE,12/12/2023,4,999,124
77,Tammie,Mumbai,M,SE,4/30/2023,6,931,330
78,Sly,Hyderabad,M,TE,9/29/2023,2,662,204
79,Andres,Ahmedabad,M,FE,9/11/2023,1,910,269
80,Eleanore,Delhi,F,BE,9/18/2023,4,865,235
81,Allsun,Delhi,F,BE,1/20/2023,7,600,194
82,Nicoli,Kolkata,F,BE,11/15/2023,5,782,206
83,Rutledge,Ahmedabad,M,SE,10/21/2023,8,962,221
84,Netta,Hyderabad,F,BE,11/1/2023,3,796,283
85,Beverlie,Hyderabad,F,SE,8/27/2023,5,656,214
86,Bond,Delhi,M,FE,9/12/2023,4,645,225
87,Bronnie,Hyderabad,M,FE,7/2/2023,2,971,108
88,Irena,Delhi,F,BE,2/15/2023,4,989,310
89,Rolph,Chennai,M,FE,8/19/2023,6,991,239
90,Ericha,Bangalore,F,BE,7/25/2023,6,699,104
91,Roberta,Chennai,F,SE,5/2/2023,6,875,227
92,Tiffi,Chennai,F,SE,5/25/2023,6,616,299
93,Nikolas,Hyderabad,M,TE,12/13/2023,8,900,171
94,Leonerd,Delhi,M,FE,7/5/2023,5,721,195
95,Bridget,Kolkata,F,TE,4/26/2023,1,801,225
96,Sharl,Delhi,F,FE,11/17/2023,3,812,208
97,Sully,Bangalore,M,FE,2/4/2023,4,990,184
98,Harcourt,Chennai,M,FE,1/7/2023,7,657,142
99,Merrili,Hyderabad,F,TE,5/19/2023,6,669,249
100,Loleta,Hyderabad,F,BE,4/24/2023,8,697,282
101,Gill,Chennai,F,TE,3/10/2023,8,749,311
102,Brandice,Ahmedabad,F,SE,11/21/2023,8,670,181
103,Dorry,Chennai,F,TE,5/20/2023,1,766,310
104,Lindie,Hyderabad,F,BE,11/9/2023,1,648,310
105,Edee,Kolkata,F,FE,3/30/2023,3,836,302
106,Bondie,Bangalore,M,BE,1/13/2023,4,649,158
107,Dory,Mumbai,F,TE,11/17/2023,7,884,223
108,Roxanna,Bangalore,F,SE,11/7/2023,2,865,149
109,Leland,Mumbai,M,TE,8/15/2023,1,881,121
110,Earlie,Delhi,M,BE,2/26/2023,2,826,294
111,Jammie,Delhi,F,BE,8/28/2023,1,902,280
112,Jodi,Chennai,M,TE,8/9/2023,8,613,142
113,Ara,Mumbai,F,TE,7/25/2023,1,655,234
114,Lena,Hyderabad,F,BE,5/20/2023,6,871,173
115,Valencia,Kolkata,F,FE,1/16/2023,5,963,159
116,Dario,Delhi,M,SE,8/19/2023,6,967,149
117,Roch,Delhi,F,TE,8/13/2023,5,789,145
118,Eldin,Hyderabad,M,BE,5/11/2023,4,622,284
119,Joleen,Delhi,F,FE,6/23/2023,4,629,273
120,Jeannine,Chennai,F,SE,4/4/2023,3,927,239
121,Carter,Chennai,M,FE,5/8/2023,5,710,114
122,Maddi,Hyderabad,F,TE,12/2/2023,6,725,260
123,Eddy,Mumbai,F,FE,2/8/2023,8,837,117
124,Tatiana,Chennai,F,BE,5/29/2023,1,947,266
125,Bernadette,Mumbai,F,BE,3/24/2023,4,949,188
126,Berty,Mumbai,M,BE,4/9/2023,2,721,314
127,Paddie,Ahmedabad,M,BE,11/23/2023,1,864,275
128,Panchito,Kolkata,M,TE,10/21/2023,2,739,107
129,Suzy,Mumbai,F,BE,5/2/2023,5,970,186
130,Nikoletta,Ahmedabad,F,TE,10/11/2023,3,626,191
131,Christi,Hyderabad,F,FE,9/14/2023,8,624,106
132,Erich,Mumbai,M,SE,10/13/2023,5,663,285
133,Dee dee,Bangalore,F,BE,1/25/2023,1,854,311
134,Lindsay,Hyderabad,M,TE,4/25/2023,5,844,245
135,Bess,Bangalore,F,BE,5/15/2023,6,624,301
136,Sherwynd,Ahmedabad,M,BE,5/19/2023,8,779,157
137,Hube,Delhi,M,FE,10/3/2023,2,689,172
138,Fabiano,Delhi,M,SE,11/16/2023,7,616,210
139,Marwin,Kolkata,M,SE,4/15/2023,6,824,224
140,Marius,Kolkata,M,FE,8/11/2023,4,824,312
141,Margaretha,Kolkata,F,BE,5/22/2023,8,626,221
142,Conan,Chennai,M,BE,5/1/2023,4,979,189
143,Karlotte,Bangalore,F,BE,5/15/2023,1,855,293
144,Winny,Chennai,M,TE,2/2/2023,6,851,102
145,Zak,Bangalore,M,BE,5/31/2023,3,890,294
146,Dominique,Hyderabad,M,FE,2/12/2023,8,991,216
147,Grady,Bangalore,M,SE,2/4/2023,2,637,242
148,Myrwyn,Kolkata,M,FE,11/18/2023,2,616,310
149,Gilli,Hyderabad,F,BE,6/17/2023,7,824,152
150,Emmie,Delhi,F,TE,5/24/2023,5,797,312
151,Arnuad,Chennai,M,FE,3/4/2023,1,623,230
152,Hadley,Ahmedabad,M,BE,8/16/2023,1,663,178
153,Silvie,Ahmedabad,F,FE,2/4/2023,2,765,237
154,Ermin,Hyderabad,M,SE,11/28/2023,1,695,212
155,Garrick,Mumbai,M,BE,9/30/2023,8,936,172
156,Isidore,Mumbai,M,FE,10/30/2023,6,760,279
157,Charmine,Hyderabad,F,SE,12/8/2023,8,850,212
158,Travers,Hyderabad,M,FE,2/11/2023,8,938,276
159,Lin,Bangalore,F,TE,5/1/2023,5,994,216
160,Antonella,Ahmedabad,F,TE,9/19/2023,7,756,126
161,Gonzales,Mumbai,M,BE,1/1/2023,6,607,241
162,Poppy,Delhi,F,SE,2/21/2023,1,812,309
163,Alvan,Hyderabad,M,BE,1/10/2023,7,702,180
164,Harald,Delhi,M,TE,11/18/2023,1,713,209
165,Raddy,Mumbai,M,TE,10/13/2023,6,841,151
166,Sheff,Ahmedabad,M,SE,10/21/2023,2,954,170
167,Ethelda,Bangalore,F,SE,4/2/2023,6,606,141
168,Merrile,Hyderabad,F,SE,10/16/2023,8,669,206
169,Desmund,Kolkata,M,FE,1/25/2023,8,801,109
170,Genovera,Ahmedabad,F,FE,2/24/2023,7,728,289
171,Maybelle,Mumbai,F,SE,1/1/2023,2,755,141
172,Raeann,Ahmedabad,F,FE,10/20/2023,7,694,145
173,Keen,Delhi,M,BE,8/25/2023,1,885,329
174,Aldrich,Chennai,M,FE,9/23/2023,7,857,237
175,Anni,Mumbai,F,BE,7/21/2023,7,882,211
176,Hamil,Bangalore,M,FE,9/7/2023,3,977,109
177,Winnah,Kolkata,F,SE,7/9/2023,8,815,283
178,Uriel,Ahmedabad,M,TE,8/24/2023,1,912,296
179,Carissa,Mumbai,F,TE,5/9/2023,1,852,208
180,Sarina,Bangalore,F,BE,10/29/2023,4,706,172
181,Clemmy,Delhi,M,BE,8/23/2023,3,641,233
182,Gradey,Delhi,M,BE,9/7/2023,4,701,277
183,Alister,Hyderabad,M,FE,11/23/2023,2,683,241
184,Carrissa,Mumbai,F,TE,3/18/2023,2,664,213
185,Luis,Bangalore,M,TE,11/7/2023,8,966,300
186,Olav,Bangalore,M,FE,12/8/2023,2,601,319
187,Katleen,Delhi,F,TE,9/9/2023,8,611,129
188,Antonius,Kolkata,M,BE,10/13/2023,2,604,284
189,Jenn,Kolkata,F,TE,4/30/2023,5,629,193
190,Eustacia,Hyderabad,F,BE,10/17/2023,8,855,145
191,Ebony,Bangalore,F,TE,11/3/2023,2,720,312
192,Filbert,Delhi,M,SE,11/9/2023,4,804,214
193,Gui,Ahmedabad,F,FE,2/27/2023,6,835,221
194,Clemmy,Delhi,M,FE,2/2/2023,4,618,309
195,Roselin,Ahmedabad,F,FE,11/16/2023,6,774,138
196,Maxwell,Chennai,M,SE,3/6/2023,1,745,293
197,Audra,Hyderabad,F,BE,6/22/2023,5,650,300
198,Royall,Hyderabad,M,FE,7/27/2023,2,990,119
199,Camile,Bangalore,F,BE,7/27/2023,7,613,160
200,Evanne,Mumbai,F,SE,2/9/2023,3,907,193
201,Gweneth,Delhi,F,SE,10/16/2023,1,647,316
202,Ahmad,Bangalore,M,SE,12/4/2023,1,629,134
203,Harley,Delhi,F,TE,7/14/2023,4,870,313
204,Janenna,Kolkata,F,TE,6/18/2023,8,862,281
205,Jemmie,Bangalore,F,BE,3/8/2023,2,749,259
206,Morgun,Chennai,M,SE,7/27/2023,8,806,301
207,Chastity,Chennai,F,SE,9/25/2023,7,718,220
208,Archambault,Bangalore,M,TE,8/4/2023,7,817,148
209,Luisa,Hyderabad,F,FE,11/15/2023,8,818,150
210,Melodie,Ahmedabad,F,BE,8/9/2023,7,642,236
211,Candis,Kolkata,F,BE,5/14/2023,4,738,153
212,Reade,Hyderabad,M,FE,8/14/2023,3,810,176
213,Ara,Bangalore,M,TE,12/4/2023,7,821,144
214,Elroy,Bangalore,M,TE,6/10/2023,6,928,148
215,Kellie,Delhi,F,BE,11/10/2023,6,811,145
216,Maxy,Bangalore,M,FE,10/29/2023,6,958,303
217,Damaris,Kolkata,F,FE,8/20/2023,7,647,250
218,Davis,Bangalore,M,SE,1/2/2023,8,680,162
219,Joachim,Ahmedabad,M,SE,7/23/2023,6,721,116
220,Berkie,Chennai,M,BE,4/18/2023,3,839,322
221,Olimpia,Mumbai,F,BE,4/27/2023,4,714,144
222,Spike,Delhi,M,TE,2/1/2023,7,921,316
223,Guglielmo,Delhi,M,BE,3/21/2023,4,642,150
224,Osmund,Ahmedabad,M,TE,3/26/2023,3,769,265
225,Maure,Delhi,F,BE,7/4/2023,2,888,288
226,Margot,Chennai,F,FE,10/29/2023,3,893,213
227,Jany,Delhi,F,BE,2/10/2023,5,944,208
228,Kippie,Hyderabad,M,TE,5/1/2023,5,873,137
229,Gabriel,Hyderabad,M,FE,8/3/2023,2,805,221
230,Margaretha,Kolkata,F,TE,11/25/2023,2,716,119
231,Corbin,Hyderabad,M,BE,11/22/2023,6,978,152
232,Lilla,Chennai,F,TE,2/23/2023,2,928,149
233,Brennan,Bangalore,M,BE,2/6/2023,3,752,201
234,Drud,Mumbai,M,FE,3/21/2023,8,935,124
235,Cymbre,Mumbai,F,SE,3/30/2023,3,771,283
236,Leda,Bangalore,F,TE,7/1/2023,4,980,255
237,Sherline,Mumbai,F,TE,8/14/2023,5,987,301
238,Phylys,Ahmedabad,F,FE,11/22/2023,5,664,113
239,Rockwell,Ahmedabad,M,TE,12/1/2023,8,625,116
240,Kristofer,Mumbai,M,TE,2/13/2023,8,830,104
241,Dolph,Kolkata,M,BE,7/5/2023,7,640,115
242,Blaine,Bangalore,M,SE,11/16/2023,2,809,244
243,Danie,Kolkata,M,SE,5/26/2023,4,964,178
244,Ophelie,Kolkata,F,TE,4/30/2023,7,724,310
245,Prent,Ahmedabad,M,BE,12/7/2023,7,797,272
246,Illa,Chennai,F,FE,7/2/2023,2,770,281
247,Coletta,Mumbai,F,BE,9/13/2023,3,888,123
248,Rand,Bangalore,M,BE,9/10/2023,4,866,140
249,Demetri,Bangalore,M,TE,9/20/2023,8,985,131
250,Tadio,Mumbai,M,TE,2/10/2023,2,759,193
251,Corinne,Kolkata,F,TE,9/17/2023,2,807,256
252,Evanne,Ahmedabad,F,SE,8/4/2023,8,698,233
253,Luciano,Chennai,M,BE,10/14/2023,1,787,155
254,Liam,Ahmedabad,M,BE,5/6/2023,6,935,122
255,Nariko,Chennai,F,SE,5/26/2023,8,948,251
256,Reinhold,Kolkata,M,FE,5/21/2023,4,940,232
257,Juliet,Delhi,F,SE,1/26/2023,2,977,193
258,Oates,Delhi,M,TE,4/12/2023,1,842,169
259,Merwyn,Bangalore,M,SE,9/15/2023,6,724,164
260,Corby,Bangalore,M,SE,7/29/2023,1,762,204
261,Penelopa,Delhi,F,SE,12/4/2023,6,715,231
262,Cissy,Ahmedabad,F,FE,6/4/2023,5,726,270
263,Franciskus,Mumbai,M,BE,6/11/2023,2,964,246
264,Johny,Kolkata,M,SE,4/21/2023,1,609,172
265,Emmey,Hyderabad,F,FE,4/10/2023,1,786,117
266,Cheri,Hyderabad,F,TE,9/26/2023,1,839,193
267,Frederich,Chennai,M,SE,9/5/2023,5,780,168
268,Mel,Chennai,M,TE,2/12/2023,8,603,307
269,Krishnah,Kolkata,M,TE,8/18/2023,3,628,176
270,Nessie,Hyderabad,F,SE,3/12/2023,5,709,188
271,Debor,Ahmedabad,F,SE,6/6/2023,6,686,286
272,Myriam,Kolkata,F,FE,3/18/2023,8,778,287
273,Mitchell,Hyderabad,M,FE,8/29/2023,7,809,282
274,Lambert,Ahmedabad,M,SE,7/20/2023,2,719,167
275,Mariann,Mumbai,F,FE,5/22/2023,2,904,241
276,Giacopo,Hyderabad,M,BE,6/10/2023,4,919,161
277,Ninette,Ahmedabad,F,FE,3/21/2023,2,873,197
278,Dannel,Ahmedabad,M,SE,10/11/2023,5,846,189
279,Jori,Ahmedabad,F,SE,5/21/2023,8,880,144
280,Meridith,Chennai,F,SE,12/7/2023,8,810,169
281,Ewart,Bangalore,M,BE,8/3/2023,2,825,223
282,Lisha,Hyderabad,F,SE,7/10/2023,4,966,188
283,Sheppard,Chennai,M,FE,2/3/2023,1,997,196
284,Ibrahim,Bangalore,M,SE,6/23/2023,6,612,209
285,Cynde,Delhi,F,TE,1/24/2023,3,983,104
286,Marleah,Delhi,F,BE,4/6/2023,5,893,140
287,Nichole,Delhi,M,BE,3/4/2023,6,691,297
288,Viviyan,Delhi,F,FE,5/31/2023,4,873,172
289,Muffin,Mumbai,F,BE,5/9/2023,7,869,136
290,Aldrich,Kolkata,M,FE,9/13/2023,7,824,310
291,Urban,Chennai,M,SE,8/25/2023,1,705,173
292,Cherrita,Bangalore,F,SE,6/6/2023,6,714,266
293,Kaycee,Chennai,F,BE,4/25/2023,4,655,256
294,Taffy,Mumbai,F,SE,4/11/2023,1,912,120
295,Hervey,Chennai,M,BE,10/12/2023,7,951,233
296,Gates,Delhi,F,BE,10/21/2023,1,817,195
297,Marina,Ahmedabad,F,BE,5/9/2023,1,743,317
298,Audra,Ahmedabad,F,TE,8/23/2023,8,912,151
299,Noll,Chennai,M,BE,4/15/2023,1,762,183
300,Robbi,Delhi,F,BE,2/20/2023,8,916,245
301,Dex,Ahmedabad,M,BE,3/25/2023,3,959,214
302,Peter,Ahmedabad,M,SE,7/22/2023,4,818,116
303,Helenka,Ahmedabad,F,SE,8/18/2023,2,728,330
304,Donni,Chennai,F,FE,3/1/2023,3,720,243
305,Giffer,Delhi,M,FE,10/11/2023,4,835,169
306,Cassie,Kolkata,F,TE,8/24/2023,7,833,126
307,Leeanne,Chennai,F,BE,12/9/2023,4,742,302
308,Milly,Kolkata,F,SE,6/30/2023,7,880,155
309,Elyse,Mumbai,F,FE,4/17/2023,8,794,138
310,Marnie,Bangalore,F,FE,4/29/2023,4,864,181
311,Jilly,Mumbai,F,SE,8/9/2023,6,673,179
312,Edsel,Hyderabad,M,TE,1/14/2023,2,883,122
313,Netti,Bangalore,F,BE,8/6/2023,1,869,169
314,Verile,Mumbai,F,TE,11/22/2023,4,687,297
315,Alvira,Bangalore,F,FE,4/17/2023,2,798,175
316,Page,Delhi,F,SE,8/6/2023,4,705,242
317,Quintus,Hyderabad,M,FE,12/2/2023,6,841,253
318,Albert,Ahmedabad,M,TE,11/29/2023,6,704,287
319,Tiffani,Ahmedabad,F,SE,7/22/2023,1,995,262
320,Mason,Ahmedabad,M,FE,11/29/2023,3,657,308
321,Dannie,Hyderabad,M,FE,9/4/2023,4,602,270
322,Betsey,Hyderabad,F,SE,7/29/2023,3,858,171
323,Judas,Bangalore,M,SE,9/8/2023,1,641,192
324,Lucky,Delhi,F,FE,11/13/2023,1,674,330
325,Zenia,Mumbai,F,FE,11/4/2023,8,906,217
326,Boy,Chennai,M,BE,2/21/2023,5,732,158
327,Abbye,Hyderabad,F,TE,9/7/2023,1,956,116
328,Irene,Delhi,F,SE,7/26/2023,8,747,163
329,Mallory,Mumbai,F,TE,8/24/2023,5,878,312
330,Camille,Delhi,F,FE,6/4/2023,3,608,316
331,Lauretta,Bangalore,F,TE,4/20/2023,5,854,310
332,Ric,Mumbai,M,BE,6/13/2023,5,707,112
333,Lucias,Chennai,M,TE,5/27/2023,3,629,161
334,Tandie,Chennai,F,FE,5/17/2023,6,952,156
335,Gregorio,Chennai,M,BE,3/23/2023,4,613,141
336,Elayne,Mumbai,F,BE,7/25/2023,4,785,193
337,Vonni,Hyderabad,F,TE,9/21/2023,2,657,302
338,Orson,Chennai,M,TE,5/19/2023,8,966,171
339,Elmo,Delhi,M,BE,7/23/2023,4,652,230
340,Kay,Mumbai,F,FE,2/11/2023,4,932,229
341,Heloise,Bangalore,F,SE,10/2/2023,2,711,229
342,Harmon,Ahmedabad,M,TE,1/25/2023,1,974,309
343,Jarad,Kolkata,M,FE,9/11/2023,5,670,136
344,Dulsea,Ahmedabad,F,BE,11/25/2023,1,636,151
345,Suzann,Hyderabad,F,SE,11/15/2023,5,984,178
346,Rozalie,Ahmedabad,F,FE,3/31/2023,3,858,192
347,Ad,Hyderabad,M,SE,12/3/2023,2,831,147
348,Brigitta,Mumbai,F,SE,1/17/2023,8,906,152
349,Horten,Hyderabad,M,FE,8/17/2023,3,898,317
350,Winifred,Ahmedabad,F,BE,12/14/2023,4,743,244
351,Ciel,Hyderabad,F,SE,11/27/2023,3,858,317
352,Zackariah,Hyderabad,M,TE,10/31/2023,6,790,146
353,Bernette,Chennai,F,SE,5/27/2023,3,804,244
354,Chandra,Kolkata,F,FE,3/20/2023,7,996,236
355,Benyamin,Chennai,M,BE,2/26/2023,5,602,257
356,Isidro,Chennai,M,SE,11/26/2023,7,770,248
357,Christophorus,Mumbai,M,TE,7/20/2023,8,680,291
358,Alan,Chennai,M,BE,3/18/2023,2,699,232
359,Austine,Chennai,F,TE,1/15/2023,8,679,137
360,Vanda,Mumbai,F,TE,4/4/2023,1,657,327
361,Mordy,Hyderabad,M,TE,2/24/2023,1,949,108
362,Broddy,Ahmedabad,M,TE,5/15/2023,7,951,171
363,Cordie,Bangalore,M,FE,1/24/2023,3,772,137
364,Cris,Kolkata,M,BE,1/3/2023,6,663,235
365,Vince,Ahmedabad,M,FE,2/18/2023,5,879,207
366,Frants,Hyderabad,M,BE,7/25/2023,5,951,169
367,Pauly,Ahmedabad,M,FE,11/22/2023,5,851,251
368,Leia,Hyderabad,F,FE,1/22/2023,4,870,239
369,Roberto,Chennai,M,SE,12/15/2023,6,796,274
370,Shamus,Mumbai,M,SE,12/12/2023,4,899,178
371,Portie,Ahmedabad,M,BE,3/30/2023,4,967,297
372,Colin,Ahmedabad,M,BE,8/7/2023,1,915,261
373,Lynelle,Kolkata,F,TE,6/11/2023,1,607,120
374,Sarah,Bangalore,F,BE,9/2/2023,3,845,294
375,Bradney,Mumbai,M,BE,9/15/2023,6,778,309
376,Joyce,Ahmedabad,F,TE,7/18/2023,8,781,187
377,Mahmoud,Mumbai,M,FE,2/6/2023,6,699,330
378,Car,Ahmedabad,M,BE,11/14/2023,1,641,262
379,Paulina,Hyderabad,F,FE,9/9/2023,3,801,220
380,Erroll,Chennai,M,TE,10/9/2023,8,643,216
381,Holmes,Mumbai,M,BE,7/12/2023,7,847,200
382,Rockwell,Bangalore,M,FE,2/14/2023,3,918,205
383,Gilda,Kolkata,F,BE,3/22/2023,1,985,134
384,Orin,Hyderabad,M,SE,3/23/2023,6,982,137
385,Martin,Bangalore,M,SE,8/27/2023,8,810,199
386,Curt,Ahmedabad,M,SE,3/4/2023,8,768,152
387,Nan,Kolkata,F,SE,4/30/2023,7,722,300
388,Marys,Delhi,F,SE,3/23/2023,1,677,265
389,Salmon,Chennai,M,SE,6/4/2023,3,912,311
390,Gussie,Mumbai,F,FE,7/14/2023,1,958,106
391,Carolyn,Kolkata,F,TE,3/10/2023,8,847,230
392,Ki,Chennai,F,SE,4/2/2023,3,920,146
393,Shirlee,Chennai,F,TE,8/6/2023,5,890,309
394,Esme,Chennai,M,FE,9/12/2023,4,772,267
395,Biddie,Chennai,F,BE,5/20/2023,2,834,325
396,Shep,Hyderabad,M,SE,7/12/2023,2,971,113
397,Shepard,Hyderabad,M,TE,6/22/2023,2,726,141
398,Mason,Chennai,M,TE,4/15/2023,5,640,284
399,Larry,Hyderabad,M,TE,8/4/2023,5,887,198
400,Rustie,Bangalore,M,TE,2/4/2023,4,831,220
401,Ebony,Ahmedabad,F,SE,3/23/2023,2,641,176
402,Alexine,Kolkata,F,TE,7/6/2023,3,935,185
403,Arabele,Chennai,F,TE,3/24/2023,3,965,107
404,Dael,Ahmedabad,F,BE,4/11/2023,4,786,290
405,Brod,Chennai,M,BE,6/24/2023,6,712,268
406,Jason,Ahmedabad,M,BE,9/2/2023,5,951,288
407,Zacherie,Chennai,M,TE,10/22/2023,3,626,293
408,Willetta,Ahmedabad,F,BE,3/31/2023,3,627,175
409,Ranice,Ahmedabad,F,FE,3/28/2023,7,781,173
410,Douglass,Mumbai,M,TE,8/9/2023,4,913,307
411,Carlotta,Chennai,F,SE,2/21/2023,5,824,296
412,Allin,Hyderabad,M,SE,2/8/2023,2,622,107
413,Gallard,Chennai,M,SE,5/11/2023,2,620,242
414,Cos,Mumbai,M,SE,6/25/2023,6,769,207
415,Crystie,Kolkata,F,BE,10/19/2023,8,608,147
416,Betteanne,Kolkata,F,FE,9/1/2023,3,982,212
417,Violette,Ahmedabad,F,TE,4/27/2023,6,776,209
418,Osborn,Chennai,M,TE,5/26/2023,4,633,109
419,Mady,Mumbai,F,SE,3/10/2023,4,927,111
420,Addy,Kolkata,M,FE,5/9/2023,1,679,236
421,Uta,Mumbai,F,TE,4/4/2023,3,726,190
422,Garek,Ahmedabad,M,TE,8/13/2023,3,967,143
423,Caitrin,Bangalore,F,FE,4/19/2023,6,824,110
424,Brucie,Hyderabad,M,FE,1/16/2023,8,787,250
425,Astrid,Ahmedabad,F,BE,10/27/2023,3,959,131
426,Annissa,Chennai,F,BE,2/6/2023,8,846,146
427,Ludvig,Delhi,M,BE,2/8/2023,4,752,255
428,Kara-lynn,Chennai,F,TE,2/15/2023,5,672,133
429,Ash,Kolkata,M,BE,8/24/2023,7,822,289
430,Dalston,Hyderabad,M,SE,3/24/2023,2,669,145
431,Stella,Chennai,F,BE,7/7/2023,2,687,215
432,Allyson,Hyderabad,F,BE,1/31/2023,3,913,287
433,Corrina,Delhi,F,TE,2/19/2023,3,668,212
434,Jehanna,Ahmedabad,F,FE,3/9/2023,7,815,317
435,Sigfried,Chennai,M,TE,3/14/2023,8,901,306
436,Fitzgerald,Kolkata,M,TE,12/10/2023,5,769,276
437,Robby,Ahmedabad,M,SE,3/8/2023,4,701,252
438,Welsh,Ahmedabad,M,SE,6/14/2023,1,935,187
439,Paton,Chennai,M,SE,3/22/2023,3,928,261
440,Mora,Mumbai,F,SE,8/1/2023,2,721,169
441,Codi,Hyderabad,M,BE,12/12/2023,1,893,224
442,Say,Ahmedabad,M,FE,5/2/2023,5,783,177
443,Gilburt,Chennai,M,BE,11/10/2023,5,982,200
444,Shamus,Kolkata,M,TE,8/25/2023,5,959,165
445,Erinna,Hyderabad,F,TE,9/29/2023,3,910,311
446,Rafaello,Bangalore,M,FE,5/8/2023,4,932,228
447,Flore,Bangalore,F,SE,11/29/2023,5,872,317
448,Boris,Kolkata,M,SE,1/23/2023,1,717,172
449,Denna,Hyderabad,F,BE,2/21/2023,6,933,174
450,Nata,Kolkata,F,BE,1/17/2023,4,850,316
451,Pollyanna,Hyderabad,F,BE,7/11/2023,4,957,230
452,Shanda,Mumbai,F,FE,8/31/2023,1,972,207
453,Clemmy,Delhi,M,FE,9/17/2023,8,953,231
454,Fleur,Delhi,F,SE,1/24/2023,3,658,168
455,Jo-anne,Delhi,F,BE,5/13/2023,7,767,283
456,Lonee,Delhi,F,TE,1/17/2023,8,772,124
457,Brittany,Delhi,F,TE,9/4/2023,2,953,192
458,Vernon,Ahmedabad,M,BE,6/2/2023,1,873,319
459,Ermin,Hyderabad,M,TE,10/25/2023,1,841,191
460,Minne,Mumbai,F,TE,1/15/2023,3,845,278
461,Asher,Mumbai,M,BE,10/27/2023,2,813,178
462,Carey,Hyderabad,F,SE,4/23/2023,5,678,187
463,Daloris,Mumbai,F,TE,5/23/2023,6,669,274
464,Daisi,Delhi,F,SE,8/22/2023,2,652,134
465,Alicia,Bangalore,F,BE,5/5/2023,5,948,152
466,Mohandis,Bangalore,M,SE,10/18/2023,4,739,309
467,Richart,Ahmedabad,M,TE,5/26/2023,6,780,304
468,Vasilis,Bangalore,M,BE,4/10/2023,1,657,218
469,Jarret,Delhi,M,TE,10/8/2023,8,785,175
470,Doyle,Hyderabad,M,FE,3/9/2023,1,944,211
471,Maggee,Bangalore,F,SE,6/12/2023,4,714,143
472,Michele,Hyderabad,M,TE,7/25/2023,2,653,183
473,Stephanus,Mumbai,M,TE,6/29/2023,4,613,191
474,Cullen,Mumbai,M,TE,7/19/2023,6,736,118
475,Zorine,Hyderabad,F,FE,1/20/2023,1,616,250
476,Cissiee,Bangalore,F,FE,7/16/2023,2,752,218
477,Fields,Mumbai,M,BE,2/28/2023,5,732,213
478,Elise,Chennai,F,TE,7/19/2023,8,604,140
479,Inigo,Bangalore,M,TE,3/19/2023,2,936,117
480,Germana,Bangalore,F,FE,9/8/2023,1,915,164
481,Eilis,Kolkata,F,FE,7/26/2023,1,771,294
482,Tobit,Chennai,M,FE,2/3/2023,4,686,225
483,Gary,Delhi,M,SE,4/18/2023,8,754,227
484,Eunice,Bangalore,F,SE,6/29/2023,5,914,244
485,Andrus,Delhi,M,SE,1/21/2023,6,611,220
486,Elmo,Mumbai,M,BE,4/27/2023,2,638,157
487,Ludovika,Bangalore,F,BE,4/20/2023,7,604,137
488,Cody,Ahmedabad,M,TE,9/21/2023,8,770,250
489,Erna,Ahmedabad,F,BE,6/3/2023,7,806,309
490,Hedwig,Chennai,F,SE,1/26/2023,3,789,189
491,Ogden,Bangalore,M,TE,1/5/2023,7,688,243
492,Garnette,Ahmedabad,F,BE,5/24/2023,6,855,185
493,Marianne,Bangalore,F,BE,7/19/2023,3,843,212
494,Cesaro,Hyderabad,M,BE,2/20/2023,5,898,191
495,Bartram,Ahmedabad,M,TE,11/23/2023,7,624,232
496,Osmund,Bangalore,M,FE,10/11/2023,7,784,204
497,Zenia,Chennai,F,SE,5/28/2023,2,981,287
498,Alan,Ahmedabad,M,BE,2/18/2023,8,929,135
499,Malva,Hyderabad,F,BE,4/2/2023,4,865,294
500,Mateo,Kolkata,M,FE,4/8/2023,8,830,143
501,Celle,Kolkata,F,FE,8/7/2023,7,785,232
502,Kimmie,Ahmedabad,F,BE,8/13/2023,7,858,273
503,Geraldine,Delhi,F,FE,9/21/2023,8,852,303
504,Lebbie,Chennai,F,TE,10/23/2023,3,924,155
505,Dav,Chennai,M,FE,8/13/2023,8,809,100
506,Fernande,Kolkata,F,SE,2/21/2023,6,866,190
507,Sheeree,Kolkata,F,TE,10/13/2023,7,922,258
508,Katina,Ahmedabad,F,SE,4/2/2023,6,673,201
509,Madelyn,Bangalore,F,BE,2/16/2023,6,907,111
510,Kathi,Bangalore,F,TE,4/8/2023,6,909,235
511,Ermina,Chennai,F,SE,6/15/2023,6,834,155
512,Viva,Kolkata,F,SE,7/14/2023,6,664,272
513,Cirstoforo,Bangalore,M,TE,11/21/2023,5,815,310
514,Irving,Hyderabad,M,BE,10/31/2023,7,964,129
515,Ignacio,Ahmedabad,M,SE,4/5/2023,1,791,215
516,Thacher,Mumbai,M,SE,3/27/2023,2,710,209
517,Lazarus,Mumbai,M,BE,4/16/2023,2,673,239
518,Sonni,Kolkata,F,FE,4/15/2023,3,611,110
519,Arty,Ahmedabad,M,BE,10/20/2023,6,919,249
520,Estelle,Ahmedabad,F,BE,11/26/2023,1,632,241
521,Odille,Chennai,F,TE,1/28/2023,3,698,162
522,Marget,Chennai,F,SE,9/14/2023,5,931,208
523,Euell,Bangalore,M,TE,11/19/2023,8,711,154
524,Vivien,Mumbai,F,BE,5/11/2023,6,819,255
525,Jill,Delhi,F,TE,3/22/2023,4,642,229
526,Nevsa,Bangalore,F,FE,5/29/2023,3,662,196
527,Celeste,Mumbai,F,FE,3/25/2023,5,803,307
528,Amanda,Delhi,F,SE,5/3/2023,6,975,228
529,Jude,Bangalore,M,TE,7/8/2023,2,935,240
530,Nikki,Mumbai,M,FE,4/27/2023,7,848,100
531,Thaxter,Kolkata,M,SE,4/19/2023,4,656,186
532,Giffer,Bangalore,M,SE,5/9/2023,3,670,305
533,Marcelline,Chennai,F,BE,6/30/2023,6,813,186
534,Vernon,Chennai,M,BE,12/7/2023,1,969,218
535,Hesther,Hyderabad,F,BE,2/12/2023,3,780,264
536,Eleen,Hyderabad,F,FE,5/3/2023,1,692,103
537,Lynett,Hyderabad,F,BE,1/16/2023,3,852,290
538,Salvidor,Delhi,M,TE,2/7/2023,3,609,197
539,Eloise,Mumbai,F,TE,4/9/2023,1,620,145
540,Dex,Mumbai,M,TE,12/9/2023,5,800,199
541,Wake,Bangalore,M,SE,9/12/2023,2,832,228
542,Dolph,Bangalore,M,SE,3/20/2023,6,838,205
543,Lutero,Hyderabad,M,BE,6/11/2023,6,857,296
544,Llewellyn,Chennai,M,SE,1/4/2023,1,739,181
545,Haskell,Kolkata,M,BE,8/14/2023,7,868,137
546,Emmott,Ahmedabad,M,TE,9/24/2023,5,831,226
547,Claudius,Chennai,M,TE,8/14/2023,5,901,157
548,Lauraine,Mumbai,F,TE,5/19/2023,1,970,286
549,Lucia,Delhi,F,SE,4/28/2023,2,718,173
550,Fran,Mumbai,M,TE,9/13/2023,2,969,153
551,Kaine,Kolkata,M,TE,4/25/2023,5,605,172
552,Blanche,Hyderabad,F,TE,6/23/2023,6,842,309
553,Alonso,Mumbai,M,TE,12/8/2023,5,752,130
554,Kare,Hyderabad,F,BE,1/1/2023,6,845,195
555,Alejoa,Chennai,M,FE,8/17/2023,8,799,288
556,Pia,Chennai,F,BE,11/21/2023,3,818,321
557,Joannes,Ahmedabad,F,SE,2/17/2023,3,716,146
558,Charles,Delhi,M,FE,4/2/2023,3,849,300
559,Mollie,Chennai,F,SE,9/5/2023,8,917,204
560,Melitta,Bangalore,F,BE,1/29/2023,4,881,302
561,Wain,Chennai,M,BE,6/11/2023,7,687,304
562,George,Delhi,F,SE,5/22/2023,3,877,170
563,Sigvard,Bangalore,M,BE,11/20/2023,4,690,106
564,Flin,Kolkata,M,SE,11/23/2023,1,998,240
565,Luciana,Delhi,F,BE,2/16/2023,8,981,168
566,Ty,Ahmedabad,M,TE,6/25/2023,8,602,265
567,Marena,Delhi,F,BE,4/9/2023,3,963,162
568,Brianna,Mumbai,F,BE,8/17/2023,2,896,226
569,Maximilian,Bangalore,M,BE,3/16/2023,3,784,148
570,Stewart,Delhi,M,SE,9/26/2023,4,769,161
571,Willi,Delhi,M,BE,7/2/2023,1,619,203
572,Candra,Mumbai,F,TE,10/13/2023,8,831,192
573,Wolfgang,Hyderabad,M,BE,9/15/2023,6,700,157
574,Tamqrah,Ahmedabad,F,BE,5/9/2023,3,696,302
575,Gray,Bangalore,F,FE,7/23/2023,7,817,273
576,Forbes,Hyderabad,M,FE,11/14/2023,3,952,248
577,Tripp,Chennai,M,SE,8/9/2023,7,798,205
578,Kari,Delhi,F,SE,1/24/2023,1,804,264
579,Conrade,Delhi,M,SE,3/27/2023,4,864,105
580,Sammie,Bangalore,M,SE,6/6/2023,5,933,149
581,Kevyn,Hyderabad,F,FE,3/6/2023,2,868,160
582,Leslie,Kolkata,F,SE,1/26/2023,8,685,199
583,Dominic,Bangalore,M,TE,7/1/2023,1,623,330
584,Tanhya,Delhi,F,BE,2/3/2023,2,686,315
585,Cassandre,Mumbai,F,SE,5/11/2023,1,862,299
586,Judi,Chennai,F,SE,5/13/2023,5,906,143
587,Johnny,Ahmedabad,M,FE,10/5/2023,2,955,280
588,Mendie,Kolkata,M,SE,10/2/2023,8,730,128
589,Golda,Chennai,F,FE,8/30/2023,5,785,219
590,Timi,Kolkata,F,FE,6/30/2023,5,973,184
591,Berni,Delhi,F,FE,5/29/2023,6,607,303
592,Juana,Ahmedabad,F,SE,7/16/2023,2,612,200
593,Annmarie,Ahmedabad,F,SE,5/21/2023,4,694,269
594,Gregorio,Chennai,M,TE,2/15/2023,6,839,230
595,Mervin,Kolkata,M,FE,5/4/2023,4,820,262
596,Hube,Hyderabad,M,TE,7/14/2023,7,811,294
597,Nana,Ahmedabad,F,FE,11/6/2023,1,803,273
598,Rubetta,Delhi,F,SE,6/8/2023,5,759,142
599,Abraham,Bangalore,M,SE,4/6/2023,2,958,240
600,Andrea,Bangalore,F,SE,12/2/2023,3,867,269
601,Haroun,Bangalore,M,SE,4/27/2023,7,799,313
602,Pepito,Ahmedabad,M,SE,3/27/2023,2,607,311
603,Romona,Mumbai,F,SE,5/26/2023,2,841,151
604,Dane,Chennai,M,FE,1/29/2023,1,869,291
605,Pippa,Mumbai,F,SE,6/14/2023,2,924,279
606,Leonard,Bangalore,M,BE,8/3/2023,5,737,153
607,Worden,Kolkata,M,TE,10/23/2023,3,659,278
608,Beret,Hyderabad,F,TE,4/29/2023,5,735,285
609,Thornie,Kolkata,M,TE,4/1/2023,3,751,224
610,Casi,Kolkata,F,BE,5/15/2023,4,980,283
611,Ernestus,Ahmedabad,M,SE,9/28/2023,8,940,203
612,Wynny,Chennai,F,FE,5/26/2023,6,922,268
613,Forest,Ahmedabad,M,FE,2/23/2023,8,734,217
614,Cheston,Bangalore,M,FE,5/22/2023,4,894,113
615,Rosemonde,Kolkata,F,SE,2/10/2023,6,998,192
616,Shepherd,Delhi,M,SE,7/2/2023,5,822,290
617,Lena,Hyderabad,F,TE,5/27/2023,7,621,163
618,Vida,Bangalore,F,FE,2/17/2023,4,702,200
619,Carine,Chennai,F,FE,3/19/2023,5,857,136
620,Almire,Delhi,F,BE,7/16/2023,5,810,121
621,Helaine,Kolkata,F,BE,1/23/2023,7,693,131
622,Scarface,Chennai,M,TE,5/10/2023,5,941,286
623,Fleur,Mumbai,F,FE,10/20/2023,2,907,227
624,Ted,Mumbai,F,TE,7/6/2023,5,922,300
625,Donny,Mumbai,M,FE,3/16/2023,8,942,208
626,Ronny,Ahmedabad,M,BE,3/13/2023,8,952,321
627,Meridel,Hyderabad,F,SE,7/29/2023,8,705,208
628,Pierson,Kolkata,M,BE,7/5/2023,2,774,175
629,Josefina,Kolkata,F,BE,8/15/2023,2,669,185
630,Judy,Hyderabad,F,BE,12/7/2023,8,963,262
631,Cordelia,Ahmedabad,F,TE,3/29/2023,3,611,327
632,Ailbert,Ahmedabad,M,SE,11/7/2023,6,949,274
633,Wilma,Hyderabad,F,BE,10/3/2023,5,790,292
634,Eunice,Chennai,F,TE,5/5/2023,7,695,273
635,Arri,Delhi,M,FE,10/2/2023,4,768,116
636,Violet,Mumbai,F,SE,5/3/2023,7,883,267
637,Hildegaard,Hyderabad,F,FE,7/12/2023,7,659,133
638,Eugen,Hyderabad,M,BE,2/28/2023,8,779,172
639,Land,Mumbai,M,TE,5/3/2023,2,949,102
640,Cami,Delhi,F,FE,5/2/2023,1,737,131
641,Aaron,Mumbai,M,TE,3/14/2023,3,938,310
642,Travers,Ahmedabad,M,FE,1/13/2023,3,804,206
643,Alvira,Kolkata,F,BE,11/9/2023,8,727,330
644,Thaddus,Chennai,M,BE,5/26/2023,2,735,231
645,Tanner,Chennai,M,FE,11/3/2023,1,681,159
646,Norine,Ahmedabad,F,TE,10/26/2023,7,706,143
647,Maximilianus,Delhi,M,TE,5/16/2023,8,791,173
648,Steffi,Hyderabad,F,BE,1/1/2023,3,854,206
649,Babbie,Ahmedabad,F,TE,4/13/2023,4,853,132
650,Corabel,Hyderabad,F,BE,12/7/2023,7,615,160
651,Lukas,Chennai,M,TE,9/1/2023,2,876,219
652,Olvan,Kolkata,M,SE,3/7/2023,1,915,225
653,Kristian,Chennai,M,FE,8/14/2023,7,797,256
654,Persis,Ahmedabad,F,BE,4/18/2023,4,733,224
655,Reinald,Hyderabad,M,TE,2/24/2023,4,727,232
656,Erek,Chennai,M,FE,11/7/2023,2,657,295
657,Feodor,Hyderabad,M,BE,4/19/2023,8,843,133
658,Maureen,Mumbai,F,FE,9/2/2023,3,949,239
659,Dyanne,Delhi,F,BE,11/9/2023,5,940,176
660,Kennan,Bangalore,M,FE,5/1/2023,8,839,286
661,Melina,Ahmedabad,F,TE,9/23/2023,1,947,200
662,Evelin,Ahmedabad,M,FE,8/19/2023,8,883,308
663,Creight,Bangalore,M,BE,5/27/2023,8,904,309
664,Anatole,Bangalore,M,FE,9/19/2023,3,931,257
665,Merl,Chennai,F,TE,7/19/2023,7,612,318
666,Dorri,Hyderabad,F,FE,1/19/2023,4,817,215
667,Ame,Mumbai,F,BE,6/22/2023,6,795,206
668,Caesar,Ahmedabad,M,FE,10/24/2023,6,937,101
669,Hilton,Bangalore,M,SE,11/3/2023,5,999,284
670,Ilka,Mumbai,F,FE,8/26/2023,1,738,143
671,Claire,Chennai,M,SE,11/3/2023,2,650,269
672,Paige,Hyderabad,F,TE,1/22/2023,7,786,171
673,Humbert,Kolkata,M,SE,11/23/2023,3,785,227
674,Obie,Bangalore,M,TE,9/23/2023,8,709,120
675,Huntington,Kolkata,M,FE,1/18/2023,5,661,223
676,Constantia,Chennai,F,FE,12/7/2023,1,701,269
677,Bing,Kolkata,M,SE,11/15/2023,8,713,145
678,Jemimah,Hyderabad,F,FE,1/28/2023,5,928,330
679,Robbin,Chennai,F,FE,2/7/2023,2,824,307
680,Jo-ann,Ahmedabad,F,FE,11/9/2023,4,607,324
681,Venus,Bangalore,F,BE,7/26/2023,4,921,128
682,Timmie,Ahmedabad,F,BE,9/17/2023,7,616,109
683,Elliott,Kolkata,M,SE,4/2/2023,5,926,271
684,Lulu,Bangalore,F,FE,4/18/2023,2,800,272
685,Ario,Hyderabad,M,BE,6/15/2023,5,628,196
686,Corene,Hyderabad,F,FE,7/30/2023,7,914,255
687,Demetria,Hyderabad,F,BE,1/15/2023,6,673,187
688,Jason,Bangalore,M,SE,3/4/2023,8,715,220
689,Ambur,Ahmedabad,F,TE,1/9/2023,1,755,237
690,Jennine,Mumbai,F,FE,11/30/2023,7,919,179
691,Jeniece,Mumbai,F,BE,3/16/2023,8,784,252
692,Charil,Chennai,F,FE,4/3/2023,2,794,254
693,Brod,Kolkata,M,SE,5/24/2023,2,830,242
694,Cullan,Hyderabad,M,BE,12/1/2023,6,763,323
695,Nehemiah,Bangalore,M,BE,11/6/2023,7,802,306
696,Paule,Chennai,F,SE,9/21/2023,3,693,315
697,Winonah,Ahmedabad,F,SE,9/22/2023,7,990,159
698,Melitta,Mumbai,F,BE,1/31/2023,4,788,185
699,Travis,Delhi,M,SE,8/13/2023,1,800,113
700,Marianne,Mumbai,F,TE,5/24/2023,8,716,172
701,Trueman,Ahmedabad,M,BE,2/23/2023,7,920,121
702,Bern,Ahmedabad,M,FE,11/2/2023,1,656,315
703,Mireielle,Chennai,F,SE,12/11/2023,4,787,231
704,Debi,Hyderabad,F,TE,12/13/2023,4,755,306
705,Ritchie,Kolkata,M,BE,5/27/2023,6,822,277
706,Chere,Bangalore,F,FE,8/26/2023,5,865,113
707,Northrup,Bangalore,M,TE,9/6/2023,2,746,116
708,Kittie,Bangalore,F,TE,11/16/2023,3,833,186
709,Anderson,Chennai,M,TE,7/24/2023,4,656,184
710,Constance,Delhi,F,TE,5/2/2023,2,772,155
711,Torey,Chennai,M,TE,1/2/2023,7,840,122
712,Benoite,Kolkata,F,BE,1/12/2023,4,851,111
713,Davy,Delhi,M,BE,4/3/2023,1,722,315
714,Con,Mumbai,M,FE,6/18/2023,5,649,165
715,Luke,Hyderabad,M,BE,2/6/2023,6,843,147
716,Rudy,Chennai,M,FE,10/1/2023,5,954,161
717,Rafi,Mumbai,M,FE,4/13/2023,6,885,269
718,Melosa,Bangalore,F,BE,3/13/2023,8,658,284
719,Blair,Hyderabad,M,TE,5/31/2023,1,730,181
720,Merry,Delhi,F,BE,7/7/2023,3,617,112
721,Bertram,Hyderabad,M,SE,8/28/2023,8,825,126
722,Leonie,Chennai,F,TE,3/9/2023,7,838,148
723,Vickie,Bangalore,F,FE,9/4/2023,3,605,284
724,Erminia,Mumbai,F,SE,6/26/2023,8,876,147
725,Mic,Mumbai,M,TE,8/3/2023,7,625,159
726,Dolph,Mumbai,M,SE,4/23/2023,4,755,100
727,Claretta,Kolkata,F,BE,4/3/2023,7,848,293
728,Durand,Hyderabad,M,FE,1/12/2023,8,970,216
729,Tonya,Mumbai,F,SE,11/25/2023,8,800,300
730,Romonda,Ahmedabad,F,FE,4/8/2023,7,936,327
731,Mariya,Bangalore,F,FE,7/31/2023,3,869,286
732,Giselle,Chennai,F,FE,11/7/2023,1,709,193
733,Byram,Kolkata,M,SE,4/15/2023,7,854,120
734,Breena,Delhi,F,BE,1/19/2023,5,993,167
735,Britney,Hyderabad,F,SE,6/19/2023,3,748,208
736,Karlee,Mumbai,F,BE,11/27/2023,5,679,275
737,Nealson,Kolkata,M,BE,8/23/2023,6,684,301
738,Mayer,Mumbai,M,FE,1/4/2023,8,718,317
739,Porty,Ahmedabad,M,TE,5/22/2023,2,825,125
740,Raviv,Hyderabad,M,FE,7/11/2023,7,768,277
741,Lancelot,Mumbai,M,TE,10/3/2023,3,871,100
742,Gabriello,Ahmedabad,M,TE,10/31/2023,5,788,128
743,Kelli,Ahmedabad,F,FE,6/12/2023,6,911,257
744,Bearnard,Hyderabad,M,BE,11/8/2023,2,808,164
745,Regan,Mumbai,F,TE,12/13/2023,6,735,157
746,Maximo,Chennai,M,FE,7/14/2023,5,906,281
747,Delmor,Mumbai,M,FE,8/20/2023,4,612,283
748,Cort,Delhi,M,FE,6/25/2023,2,948,308
749,Reece,Mumbai,M,SE,4/7/2023,6,881,237
750,Trudi,Mumbai,F,BE,2/8/2023,6,728,295
751,Jeannie,Chennai,F,TE,9/30/2023,1,617,137
752,Maren,Hyderabad,F,TE,1/14/2023,5,815,226
753,Leighton,Kolkata,M,FE,7/15/2023,2,709,297
754,Stanislaus,Ahmedabad,M,SE,11/23/2023,4,673,235
755,Susette,Mumbai,F,TE,9/13/2023,7,604,233
756,Anderea,Bangalore,F,SE,6/7/2023,7,769,208
757,Stacia,Bangalore,F,TE,8/8/2023,4,914,175
758,Melisenda,Bangalore,F,BE,10/31/2023,1,988,233
759,Court,Mumbai,M,SE,3/15/2023,1,836,134
760,Terrel,Chennai,M,BE,10/20/2023,2,634,150
761,Conni,Ahmedabad,F,TE,9/21/2023,7,727,169
762,Frederica,Kolkata,F,SE,6/6/2023,5,762,138
763,Aguie,Chennai,M,SE,8/15/2023,1,882,300
764,Tod,Hyderabad,M,SE,8/15/2023,1,852,121
765,Vasili,Hyderabad,M,BE,10/16/2023,5,966,276
766,Cristobal,Bangalore,M,TE,10/8/2023,8,670,302
767,Nero,Delhi,M,SE,12/14/2023,7,641,176
768,Cullan,Ahmedabad,M,SE,8/18/2023,6,665,300
769,Shelli,Hyderabad,F,SE,2/24/2023,6,768,235
770,Bartlett,Mumbai,M,SE,6/9/2023,5,928,185
771,Krystalle,Chennai,F,FE,2/11/2023,4,850,132
772,Kiley,Delhi,F,SE,8/23/2023,6,615,327
773,Keefer,Ahmedabad,M,TE,4/9/2023,1,868,197
774,Anissa,Kolkata,F,FE,9/3/2023,3,913,223
775,Keene,Kolkata,M,FE,5/18/2023,4,694,285
776,Worden,Bangalore,M,FE,8/17/2023,8,996,154
777,Cherianne,Delhi,F,FE,7/3/2023,8,677,303
778,Nowell,Kolkata,M,TE,6/14/2023,1,642,314
779,Steve,Bangalore,M,BE,9/6/2023,3,965,251
780,Noak,Kolkata,M,SE,11/13/2023,6,799,232
781,Amelita,Mumbai,F,TE,8/27/2023,3,928,322
782,Melba,Delhi,F,TE,10/17/2023,5,917,222
783,Binny,Kolkata,F,SE,5/31/2023,4,833,162
784,Jessi,Bangalore,F,TE,5/8/2023,7,769,235
785,Bent,Mumbai,M,FE,3/21/2023,6,699,219
786,Griffy,Kolkata,M,FE,11/22/2023,6,987,121
787,Nixie,Ahmedabad,F,BE,10/21/2023,4,818,276
788,Karalee,Ahmedabad,F,TE,4/19/2023,7,873,146
789,Amelita,Ahmedabad,F,BE,1/3/2023,4,639,156
790,Pansie,Hyderabad,F,TE,10/6/2023,6,853,297
791,Virge,Mumbai,M,BE,4/16/2023,5,771,292
792,Langston,Ahmedabad,M,TE,10/29/2023,8,630,137
793,Jerrie,Delhi,M,TE,1/4/2023,6,695,155
794,Desirae,Ahmedabad,F,BE,6/22/2023,1,823,307
795,Shawnee,Kolkata,F,SE,11/30/2023,8,892,312
796,Freemon,Delhi,M,FE,10/17/2023,5,768,291
797,Gilberta,Kolkata,F,SE,10/1/2023,8,661,241
798,Bart,Delhi,M,BE,5/29/2023,8,933,297
799,Earvin,Delhi,M,BE,1/4/2023,5,882,275
800,Ruttger,Ahmedabad,M,TE,11/24/2023,5,768,209
801,Valentine,Hyderabad,M,FE,9/29/2023,8,760,327
802,Andromache,Delhi,F,SE,9/15/2023,8,648,131
803,Hilarius,Ahmedabad,M,FE,6/10/2023,4,769,190
804,Claire,Delhi,M,SE,4/1/2023,6,835,240
805,Jerrilee,Hyderabad,F,FE,8/21/2023,1,818,211
806,Angelia,Kolkata,F,TE,6/20/2023,5,607,230
807,Averyl,Delhi,F,BE,7/29/2023,5,925,247
808,Harlene,Kolkata,F,TE,4/19/2023,6,864,281
809,Tobey,Bangalore,F,TE,2/2/2023,5,995,113
810,Carly,Bangalore,M,FE,1/29/2023,4,807,216
811,Ruttger,Delhi,M,BE,3/13/2023,1,744,200
812,Dan,Chennai,M,TE,12/2/2023,6,678,140
813,Emilio,Kolkata,M,SE,8/28/2023,7,981,322
814,Lanette,Kolkata,F,TE,10/23/2023,5,661,227
815,Vassily,Delhi,M,TE,1/13/2023,8,897,196
816,Matthieu,Hyderabad,M,TE,7/7/2023,6,669,116
817,Dyanne,Ahmedabad,F,TE,4/24/2023,4,940,318
818,Hyacinth,Mumbai,F,SE,10/3/2023,7,723,177
819,Dion,Ahmedabad,M,BE,7/17/2023,2,720,241
820,Hube,Bangalore,M,FE,1/31/2023,2,790,216
821,Win,Hyderabad,M,TE,5/1/2023,3,854,147
822,Kennith,Ahmedabad,M,TE,2/14/2023,5,897,157
823,Paulie,Kolkata,M,BE,10/15/2023,7,696,178
824,Chevy,Hyderabad,M,FE,8/12/2023,1,635,169
825,Bartolemo,Chennai,M,BE,9/10/2023,4,954,231
826,Shawn,Kolkata,F,BE,10/15/2023,6,752,232
827,Roch,Bangalore,F,SE,11/4/2023,7,647,241
828,Norina,Bangalore,F,SE,3/18/2023,1,678,101
829,Peter,Kolkata,M,TE,8/13/2023,2,707,278
830,Helyn,Mumbai,F,SE,11/16/2023,6,657,308
831,Ike,Delhi,M,SE,2/2/2023,3,820,126
832,Cyrillus,Delhi,M,TE,10/25/2023,5,870,135
833,Livvyy,Bangalore,F,SE,11/24/2023,3,628,165
834,Evelin,Hyderabad,M,FE,3/4/2023,6,938,315
835,Lucilia,Ahmedabad,F,SE,9/5/2023,6,671,284
836,Christoph,Delhi,M,FE,3/14/2023,2,613,171
837,Kirsteni,Mumbai,F,BE,3/24/2023,3,925,315
838,Sterling,Ahmedabad,M,FE,1/4/2023,5,745,322
839,Hanny,Ahmedabad,F,TE,2/26/2023,2,985,253
840,Meade,Kolkata,M,TE,9/17/2023,5,634,151
841,Shirl,Kolkata,F,BE,5/6/2023,5,964,251
842,Judy,Chennai,F,BE,10/13/2023,2,738,127
843,Mychal,Mumbai,M,TE,6/22/2023,2,604,152
844,Marsiella,Mumbai,F,BE,10/21/2023,5,744,157
845,Philippine,Chennai,F,SE,1/28/2023,4,704,199
846,Erek,Ahmedabad,M,TE,8/31/2023,8,849,112
847,Conchita,Delhi,F,SE,6/26/2023,7,850,155
848,Fran,Mumbai,F,FE,9/19/2023,2,773,114
849,Gillan,Hyderabad,F,SE,11/12/2023,6,681,134
850,Cyrille,Ahmedabad,M,BE,1/20/2023,6,833,179
851,Jennica,Bangalore,F,SE,8/25/2023,8,988,149
852,Bethina,Bangalore,F,SE,6/13/2023,5,976,116
853,Sophia,Ahmedabad,F,SE,10/9/2023,8,883,195
854,Gregorius,Delhi,M,BE,10/23/2023,1,703,155
855,Stanleigh,Mumbai,M,TE,4/22/2023,2,914,115
856,Rob,Ahmedabad,M,BE,9/7/2023,3,643,114
857,Lynsey,Hyderabad,F,FE,1/31/2023,7,941,330
858,Veradis,Mumbai,F,FE,3/29/2023,7,729,297
859,Natalie,Delhi,F,SE,4/12/2023,1,620,248
860,Ezra,Hyderabad,M,SE,10/10/2023,4,998,229
861,Osbert,Delhi,M,FE,11/8/2023,4,946,114
862,Arlen,Delhi,M,BE,2/10/2023,3,829,180
863,Jaquith,Hyderabad,F,FE,5/26/2023,6,645,114
864,Piotr,Delhi,M,TE,7/10/2023,3,601,168
865,Alla,Hyderabad,F,BE,10/23/2023,7,847,304
866,Osbourne,Delhi,M,FE,7/20/2023,6,899,179
867,Maximilianus,Mumbai,M,TE,11/24/2023,2,947,146
868,Eldredge,Hyderabad,M,SE,11/7/2023,7,890,194
869,Jemmy,Chennai,F,TE,11/13/2023,3,623,183
870,Yul,Hyderabad,M,SE,12/7/2023,3,904,212
871,Aldin,Bangalore,M,BE,5/7/2023,1,890,244
872,Cilka,Chennai,F,FE,8/4/2023,3,975,188
873,Mikaela,Ahmedabad,F,BE,8/15/2023,8,881,280
874,Siward,Kolkata,M,BE,1/16/2023,2,953,202
875,Chaddie,Kolkata,M,BE,3/12/2023,8,792,149
876,Knox,Kolkata,M,FE,10/9/2023,7,792,174
877,Jewell,Delhi,F,FE,1/26/2023,8,883,183
878,Conrad,Bangalore,M,TE,8/12/2023,1,784,202
879,Miriam,Hyderabad,F,SE,6/6/2023,2,689,185
880,Bren,Bangalore,F,BE,5/31/2023,2,698,249
881,Bogey,Delhi,M,TE,6/11/2023,4,754,300
882,Even,Ahmedabad,M,BE,6/16/2023,1,996,232
883,Alfonse,Mumbai,M,SE,2/17/2023,7,684,240
884,Ashlin,Delhi,M,BE,1/11/2023,4,969,285
885,Danella,Chennai,F,SE,11/9/2023,7,757,233
886,Wittie,Chennai,M,BE,1/30/2023,6,899,152
887,Lynelle,Hyderabad,F,TE,6/15/2023,1,974,181
888,Bliss,Bangalore,F,TE,8/3/2023,3,929,124
889,Madelon,Mumbai,F,BE,10/8/2023,7,716,137
890,Malynda,Bangalore,F,SE,5/6/2023,6,624,223
891,Martie,Bangalore,M,SE,11/29/2023,1,841,109
892,Stacee,Ahmedabad,F,BE,11/26/2023,3,681,256
893,Staci,Delhi,F,FE,2/5/2023,7,969,190
894,Renate,Chennai,F,SE,5/2/2023,5,989,215
895,Jerrome,Chennai,M,BE,6/17/2023,1,827,244
896,Brandtr,Hyderabad,M,BE,10/26/2023,3,658,132
897,Guntar,Ahmedabad,M,FE,10/21/2023,1,848,203
898,Lindsay,Bangalore,F,BE,4/22/2023,7,726,146
899,Isador,Hyderabad,M,SE,1/21/2023,5,808,227
900,Lorens,Ahmedabad,M,SE,2/17/2023,2,632,302
901,Reggie,Hyderabad,M,BE,5/23/2023,2,717,246
902,Cally,Hyderabad,F,SE,12/7/2023,8,880,118
903,Miguel,Delhi,M,FE,1/18/2023,7,757,163
904,Ivor,Delhi,M,FE,10/5/2023,5,741,258
905,Mirella,Mumbai,F,TE,9/25/2023,6,782,206
906,Ram,Chennai,M,FE,8/19/2023,2,675,180
907,Far,Ahmedabad,M,SE,3/14/2023,3,929,164
908,Harley,Bangalore,M,BE,10/7/2023,5,858,303
909,Aubree,Kolkata,F,TE,1/25/2023,7,868,187
910,Cristin,Mumbai,F,TE,8/6/2023,7,789,245
911,Nev,Bangalore,M,FE,8/29/2023,3,631,199
912,Guillermo,Ahmedabad,M,TE,11/25/2023,4,822,156
913,Lowrance,Delhi,M,SE,4/23/2023,1,782,272
914,Fayre,Kolkata,F,SE,2/25/2023,8,811,248
915,Clyve,Ahmedabad,M,FE,6/19/2023,5,860,163
916,Delmor,Delhi,M,BE,3/2/2023,6,991,101
917,Evelin,Bangalore,M,TE,10/4/2023,2,627,147
918,Bari,Hyderabad,F,SE,12/10/2023,3,835,264
919,Marlyn,Bangalore,F,BE,2/18/2023,1,604,221
920,Rod,Delhi,M,FE,4/18/2023,2,954,124
921,Charo,Ahmedabad,F,SE,11/17/2023,5,726,191
922,Joanne,Kolkata,F,BE,7/31/2023,1,848,222
923,Lotty,Mumbai,F,TE,8/1/2023,3,638,318
924,Gino,Mumbai,M,TE,9/21/2023,2,891,232
925,Mel,Kolkata,M,TE,6/18/2023,5,776,293
926,Jonell,Chennai,F,BE,4/28/2023,5,833,216
927,Ed,Kolkata,M,FE,8/24/2023,5,804,171
928,Kim,Mumbai,M,FE,8/12/2023,4,955,109
929,Roseanne,Delhi,F,BE,9/10/2023,3,836,122
930,Florian,Ahmedabad,M,TE,2/12/2023,4,721,308
931,Rosabella,Hyderabad,F,FE,2/23/2023,2,666,148
932,Jackelyn,Kolkata,F,TE,10/16/2023,2,640,328
933,Fredek,Hyderabad,M,TE,5/7/2023,8,822,275
934,Tonye,Ahmedabad,F,SE,10/16/2023,7,725,149
935,Zonnya,Delhi,F,SE,1/5/2023,1,732,218
936,Tabbie,Kolkata,F,FE,8/9/2023,2,849,244
937,Cary,Delhi,F,TE,9/27/2023,5,912,294
938,Faustine,Delhi,F,TE,1/18/2023,8,923,104
939,Humberto,Bangalore,M,FE,10/7/2023,8,619,135
940,Giulia,Hyderabad,F,FE,12/12/2023,8,936,248
941,Peggy,Kolkata,F,FE,3/14/2023,1,615,220
942,Dani,Bangalore,F,FE,11/3/2023,7,772,196
943,Gustavo,Chennai,M,BE,6/22/2023,3,678,179
944,Wenda,Chennai,F,TE,1/14/2023,5,934,313
945,Amalee,Bangalore,F,SE,11/25/2023,6,684,113
946,Clair,Bangalore,M,FE,5/30/2023,1,772,112
947,Lodovico,Chennai,M,TE,10/8/2023,3,704,166
948,Eloisa,Kolkata,F,SE,8/17/2023,6,748,242
949,Valene,Ahmedabad,F,FE,10/13/2023,8,667,234
950,Buiron,Ahmedabad,M,FE,5/22/2023,7,947,179
951,Clint,Kolkata,M,SE,4/22/2023,4,738,208
952,Ronnie,Hyderabad,M,BE,6/2/2023,2,993,121
953,Grantham,Bangalore,M,FE,4/13/2023,8,857,219
954,Bee,Chennai,F,TE,5/13/2023,4,948,293
955,Eugene,Delhi,M,SE,12/8/2023,6,829,107
956,Annadiana,Delhi,F,SE,2/15/2023,8,761,302
957,Davine,Mumbai,F,BE,1/11/2023,8,859,264
958,Kelsey,Delhi,F,SE,8/14/2023,5,736,134
959,Jud,Delhi,M,BE,9/29/2023,3,700,184
960,Kissee,Delhi,F,FE,1/11/2023,8,669,273
961,Jennifer,Mumbai,F,SE,2/12/2023,4,765,174
962,Tasia,Ahmedabad,F,TE,4/17/2023,4,832,285
963,Magnum,Bangalore,M,TE,3/28/2023,3,657,172
964,Melanie,Ahmedabad,F,SE,7/23/2023,3,790,260
965,Ruddie,Mumbai,M,TE,4/12/2023,7,799,283
966,Andre,Hyderabad,M,FE,10/25/2023,8,972,119
967,Zorine,Chennai,F,FE,3/7/2023,8,622,284
968,Darell,Chennai,F,SE,11/4/2023,7,880,267
969,Diandra,Kolkata,F,TE,2/18/2023,8,840,269
970,Clem,Mumbai,F,FE,5/28/2023,4,994,189
971,Standford,Bangalore,M,SE,4/8/2023,6,744,173
972,Cary,Mumbai,F,TE,4/25/2023,4,810,180
973,Warner,Ahmedabad,M,SE,5/4/2023,6,609,293
974,Shea,Kolkata,F,TE,9/27/2023,7,909,278
975,Timi,Bangalore,F,TE,3/20/2023,5,977,109
976,Feodora,Hyderabad,F,SE,6/25/2023,3,987,272
977,Sal,Chennai,M,BE,2/26/2023,6,933,196
978,Lawrence,Delhi,M,FE,9/22/2023,3,925,302
979,Cicily,Delhi,F,TE,5/12/2023,1,985,121
980,Tarrance,Chennai,M,TE,11/7/2023,3,604,144
981,Adelaide,Hyderabad,F,TE,3/12/2023,3,777,276
982,Allyson,Delhi,F,BE,7/26/2023,1,816,112
983,Joete,Chennai,F,FE,4/28/2023,5,675,195
984,Damien,Kolkata,M,TE,6/13/2023,5,813,134
985,Murvyn,Bangalore,M,SE,11/28/2023,4,855,254
986,Charil,Kolkata,F,FE,2/14/2023,5,698,159
987,Nevile,Delhi,M,FE,7/30/2023,6,797,234
988,Dania,Delhi,F,FE,7/6/2023,6,988,256
989,Layton,Ahmedabad,M,TE,7/2/2023,7,614,286
990,Tanner,Kolkata,M,TE,9/22/2023,1,906,302
991,Fanni,Chennai,F,BE,4/5/2023,3,781,108
992,Balduin,Delhi,M,BE,11/29/2023,1,743,180
993,Norbie,Bangalore,M,FE,7/7/2023,4,666,239
994,Karrie,Ahmedabad,F,SE,9/28/2023,2,969,158
995,Manya,Kolkata,F,BE,4/8/2023,3,852,105
996,Cherida,Kolkata,F,TE,4/8/2023,5,633,105
997,Gus,Mumbai,F,FE,6/4/2023,5,648,211
998,Atlanta,Mumbai,F,SE,2/22/2023,7,920,294
999,Gina,Mumbai,F,FE,1/1/2023,2,688,293
1000,Cicily,Hyderabad,F,SE,11/18/2023,1,795,291
